{"Run_0": {"scores": {"AUROC": 0.559380850189489, "Recall": 0.6464088397790055, "Precision": 0.6223404255319149, "F1 Score": 0.6341463414634146, "Accuracy": 0.5529801324503312, "Confusion Matrix": [50, 71, 64, 117]}, "importances": {"pI": 0.16629609506056267, "Protein Weight": 0.10847133083454798, "% Aromatic": 0.0937823718530677, "% Negative": 0.12051176292164295, "% Positive": 0.12810490687724801, "% Hydrophilic": 0.10139822119141523, "% Cysteine": 0.07580796917209642, "Protein Abundance": 0.08179160180431722, "Particle Size_10": 0.014671826582822156, "Particle Size_100": 0.014680251201120306, "Particle Charge_0": 0.013699986001038432, "Particle Charge_1": 0.013844539506018542, "Solvent Cysteine Concentration_0.0": 0.011974239309277254, "Solvent Cysteine Concentration_0.1": 0.01232393869147656, "Solvent NaCl Concentration_0.0": 0.022274326058576856, "Solvent NaCl Concentration_0.8": 0.010652703645619595, "Solvent NaCl Concentration_3.0": 0.009713929289152165}}, "Run_1": {"scores": {"AUROC": 0.4710287201497649, "Recall": 0.7292817679558011, "Precision": 0.616822429906542, "F1 Score": 0.6683544303797468, "Accuracy": 0.5662251655629139, "Confusion Matrix": [39, 82, 49, 132]}, "importances": {"pI": 0.161694688744758, "Protein Weight": 0.10846224820115861, "% Aromatic": 0.0951368305868051, "% Negative": 0.12096139366423601, "% Positive": 0.13170119336801553, "% Hydrophilic": 0.10347836599278046, "% Cysteine": 0.07641637448043762, "Protein Abundance": 0.08139104189874882, "Particle Size_10": 0.014453037920924595, "Particle Size_100": 0.014663174435069076, "Particle Charge_0": 0.013213709903165565, "Particle Charge_1": 0.01387394767109516, "Solvent Cysteine Concentration_0.0": 0.012059847305409377, "Solvent Cysteine Concentration_0.1": 0.011995554844475152, "Solvent NaCl Concentration_0.0": 0.021027666393458194, "Solvent NaCl Concentration_0.8": 0.009693523484561532, "Solvent NaCl Concentration_3.0": 0.009777401104901263}}, "Run_2": {"scores": {"AUROC": 0.48148486370485366, "Recall": 0.6132596685082873, "Precision": 0.581151832460733, "F1 Score": 0.5967741935483871, "Accuracy": 0.5033112582781457, "Confusion Matrix": [41, 80, 70, 111]}, "importances": {"pI": 0.16582062510444817, "Protein Weight": 0.10680918806539713, "% Aromatic": 0.0981540153854123, "% Negative": 0.1175576178250094, "% Positive": 0.12954671803149542, "% Hydrophilic": 0.10361755650552251, "% Cysteine": 0.07732026228994084, "Protein Abundance": 0.08188510265050178, "Particle Size_10": 0.014456735058047872, "Particle Size_100": 0.014334712621714438, "Particle Charge_0": 0.012806752058064103, "Particle Charge_1": 0.013180257989145358, "Solvent Cysteine Concentration_0.0": 0.01211325476850813, "Solvent Cysteine Concentration_0.1": 0.011958356837818165, "Solvent NaCl Concentration_0.0": 0.02064350864051976, "Solvent NaCl Concentration_0.8": 0.010354418463689091, "Solvent NaCl Concentration_3.0": 0.009440917704765558}}, "Run_3": {"scores": {"AUROC": 0.5074654125382402, "Recall": 0.6961325966850829, "Precision": 0.6176470588235294, "F1 Score": 0.6545454545454545, "Accuracy": 0.5596026490066225, "Confusion Matrix": [43, 78, 55, 126]}, "importances": {"pI": 0.1624631972110495, "Protein Weight": 0.1075977866730445, "% Aromatic": 0.0986809256849552, "% Negative": 0.11834263341797618, "% Positive": 0.1300892027086116, "% Hydrophilic": 0.10296146910745711, "% Cysteine": 0.07681189147894626, "Protein Abundance": 0.08089196002707634, "Particle Size_10": 0.014137395442408881, "Particle Size_100": 0.014007100387124483, "Particle Charge_0": 0.01479478653485957, "Particle Charge_1": 0.0142449319588017, "Solvent Cysteine Concentration_0.0": 0.012223306034481483, "Solvent Cysteine Concentration_0.1": 0.012270538911032742, "Solvent NaCl Concentration_0.0": 0.021984145462799594, "Solvent NaCl Concentration_0.8": 0.009372420501719898, "Solvent NaCl Concentration_3.0": 0.009126308457654983}}, "Run_4": {"scores": {"AUROC": 0.488059905940368, "Recall": 0.6243093922651933, "Precision": 0.5854922279792746, "F1 Score": 0.6042780748663101, "Accuracy": 0.5099337748344371, "Confusion Matrix": [41, 80, 68, 113]}, "importances": {"pI": 0.15927507435162333, "Protein Weight": 0.1094756795115781, "% Aromatic": 0.09782640701594382, "% Negative": 0.1153233734447821, "% Positive": 0.13242003042797953, "% Hydrophilic": 0.10211684881268074, "% Cysteine": 0.07800917476683958, "Protein Abundance": 0.08546641233848215, "Particle Size_10": 0.013763868024811913, "Particle Size_100": 0.014260555401194188, "Particle Charge_0": 0.01342829828105436, "Particle Charge_1": 0.013410762768952443, "Solvent Cysteine Concentration_0.0": 0.01161251518380247, "Solvent Cysteine Concentration_0.1": 0.011879983626316115, "Solvent NaCl Concentration_0.0": 0.022328239830905434, "Solvent NaCl Concentration_0.8": 0.010239509703202998, "Solvent NaCl Concentration_3.0": 0.009163266509850602}}, "Run_5": {"scores": {"AUROC": 0.4686087393269714, "Recall": 0.6464088397790055, "Precision": 0.6030927835051546, "F1 Score": 0.6239999999999999, "Accuracy": 0.5331125827814569, "Confusion Matrix": [44, 77, 64, 117]}, "importances": {"pI": 0.15651463891865564, "Protein Weight": 0.10995226609850109, "% Aromatic": 0.0976936453782601, "% Negative": 0.11759961810162087, "% Positive": 0.13238566380447184, "% Hydrophilic": 0.1032364565679269, "% Cysteine": 0.07790518878448585, "Protein Abundance": 0.08445845845542886, "Particle Size_10": 0.014260283479816584, "Particle Size_100": 0.014307811958566263, "Particle Charge_0": 0.0135542088639804, "Particle Charge_1": 0.013314416400355022, "Solvent Cysteine Concentration_0.0": 0.011549701046696887, "Solvent Cysteine Concentration_0.1": 0.011502219218391613, "Solvent NaCl Concentration_0.0": 0.02207017524392885, "Solvent NaCl Concentration_0.8": 0.010555648775694428, "Solvent NaCl Concentration_3.0": 0.0091395989032189}}, "Run_6": {"scores": {"AUROC": 0.5366878224738596, "Recall": 0.7071823204419889, "Precision": 0.6464646464646465, "F1 Score": 0.6754617414248021, "Accuracy": 0.5927152317880795, "Confusion Matrix": [51, 70, 53, 128]}, "importances": {"pI": 0.1654754338761805, "Protein Weight": 0.10839830238046025, "% Aromatic": 0.0962730135646079, "% Negative": 0.11828049781882609, "% Positive": 0.13022603313511744, "% Hydrophilic": 0.09980403694383763, "% Cysteine": 0.07723860054601289, "Protein Abundance": 0.08281666721747802, "Particle Size_10": 0.015083777971930485, "Particle Size_100": 0.014646370551868694, "Particle Charge_0": 0.01352080728698403, "Particle Charge_1": 0.013701950696444856, "Solvent Cysteine Concentration_0.0": 0.011741418913436712, "Solvent Cysteine Concentration_0.1": 0.01121796317235385, "Solvent NaCl Concentration_0.0": 0.021564022114166526, "Solvent NaCl Concentration_0.8": 0.01007660321141754, "Solvent NaCl Concentration_3.0": 0.009934500598876708}}, "Run_7": {"scores": {"AUROC": 0.4723072005844482, "Recall": 0.6850828729281768, "Precision": 0.5933014354066986, "F1 Score": 0.635897435897436, "Accuracy": 0.5298013245033113, "Confusion Matrix": [36, 85, 57, 124]}, "importances": {"pI": 0.16065618829492273, "Protein Weight": 0.10640299484664208, "% Aromatic": 0.09594655725396191, "% Negative": 0.12317358526229678, "% Positive": 0.12728072376486912, "% Hydrophilic": 0.10706402389003916, "% Cysteine": 0.07517006098453652, "Protein Abundance": 0.08259043274992642, "Particle Size_10": 0.014683923655665903, "Particle Size_100": 0.014400323571524447, "Particle Charge_0": 0.01387571382379585, "Particle Charge_1": 0.013633813904942473, "Solvent Cysteine Concentration_0.0": 0.011765585503619582, "Solvent Cysteine Concentration_0.1": 0.011992589711490444, "Solvent NaCl Concentration_0.0": 0.02111483333916764, "Solvent NaCl Concentration_0.8": 0.010257390978334805, "Solvent NaCl Concentration_3.0": 0.009991258464264165}}, "Run_8": {"scores": {"AUROC": 0.5004337701474819, "Recall": 0.6519337016574586, "Precision": 0.5870646766169154, "F1 Score": 0.6178010471204188, "Accuracy": 0.5165562913907285,