{"Run_0": {"scores": {"AUROC": 0.5386055431258847, "Recall": 0.6961325966850829, "Precision": 0.6146341463414634, "F1 Score": 0.6528497409326426, "Accuracy": 0.5562913907284768, "Confusion Matrix": [42, 79, 55, 126]}, "importances": {"pI": 0.16302048183657206, "Protein Weight": 0.10635185904789828, "% Aromatic": 0.09823929881431294, "% Negative": 0.11850462957394901, "% Positive": 0.1284458211932255, "% Hydrophilic": 0.1011661095944037, "% Cysteine": 0.07751405071298204, "Protein Abundance": 0.08317389967926928, "Particle Size_10": 0.01417879372622812, "Particle Size_100": 0.01399060286290426, "Particle Charge_0": 0.014260826604872911, "Particle Charge_1": 0.01444853600700404, "Solvent Cysteine Concentration_0.0": 0.012206666083115244, "Solvent Cysteine Concentration_0.1": 0.012375308736070718, "Solvent NaCl Concentration_0.0": 0.022313790791223562, "Solvent NaCl Concentration_0.8": 0.009834417323796937, "Solvent NaCl Concentration_3.0": 0.009974907412171346}}, "Run_1": {"scores": {"AUROC": 0.5566869092735491, "Recall": 0.7071823204419889, "Precision": 0.6274509803921569, "F1 Score": 0.6649350649350649, "Accuracy": 0.5728476821192053, "Confusion Matrix": [45, 76, 53, 128]}, "importances": {"pI": 0.1655035741325908, "Protein Weight": 0.10816469456726632, "% Aromatic": 0.0958515112374698, "% Negative": 0.11927134020185384, "% Positive": 0.12685868550665894, "% Hydrophilic": 0.10433657580695324, "% Cysteine": 0.07604806878091253, "Protein Abundance": 0.08110843570069094, "Particle Size_10": 0.014008652582768222, "Particle Size_100": 0.01387959579806962, "Particle Charge_0": 0.01414024666509242, "Particle Charge_1": 0.01401987519737266, "Solvent Cysteine Concentration_0.0": 0.012698523569171205, "Solvent Cysteine Concentration_0.1": 0.012529810977178897, "Solvent NaCl Concentration_0.0": 0.02167650695293157, "Solvent NaCl Concentration_0.8": 0.010026086780792597, "Solvent NaCl Concentration_3.0": 0.00987781554222629}}, "Run_2": {"scores": {"AUROC": 0.48016072325464587, "Recall": 0.6574585635359116, "Precision": 0.5891089108910891, "F1 Score": 0.6214099216710184, "Accuracy": 0.5198675496688742, "Confusion Matrix": [38, 83, 62, 119]}, "importances": {"pI": 0.16773755633118864, "Protein Weight": 0.10748256012707938, "% Aromatic": 0.09748736885865862, "% Negative": 0.11735955075051287, "% Positive": 0.1318350649122795, "% Hydrophilic": 0.10125241641576084, "% Cysteine": 0.07534131485544979, "Protein Abundance": 0.08097896035813337, "Particle Size_10": 0.01434351061595203, "Particle Size_100": 0.014492635836545444, "Particle Charge_0": 0.01368748589590572, "Particle Charge_1": 0.013595175964162216, "Solvent Cysteine Concentration_0.0": 0.012144277988476683, "Solvent Cysteine Concentration_0.1": 0.012274448720957211, "Solvent NaCl Concentration_0.0": 0.020954247049311776, "Solvent NaCl Concentration_0.8": 0.00946481207272681, "Solvent NaCl Concentration_3.0": 0.009568613246899123}}, "Run_3": {"scores": {"AUROC": 0.47048079996347203, "Recall": 0.7016574585635359, "Precision": 0.5746606334841629, "F1 Score": 0.6318407960199005, "Accuracy": 0.5099337748344371, "Confusion Matrix": [27, 94, 54, 127]}, "importances": {"pI": 0.16306345181836396, "Protein Weight": 0.10992143401259208, "% Aromatic": 0.09637164266608383, "% Negative": 0.11829235031530778, "% Positive": 0.1297808892976737, "% Hydrophilic": 0.10257134936216647, "% Cysteine": 0.07797308067994652, "Protein Abundance": 0.08338669926488852, "Particle Size_10": 0.013861605396046878, "Particle Size_100": 0.01362052109977573, "Particle Charge_0": 0.01299528155805843, "Particle Charge_1": 0.013366052437971197, "Solvent Cysteine Concentration_0.0": 0.011782231094091728, "Solvent Cysteine Concentration_0.1": 0.011636621542715076, "Solvent NaCl Concentration_0.0": 0.021764718328767352, "Solvent NaCl Concentration_0.8": 0.009913981373001453, "Solvent NaCl Concentration_3.0": 0.00969808975254927}}, "Run_4": {"scores": {"AUROC": 0.5198849367608784, "Recall": 0.6795580110497238, "Precision": 0.6212121212121212, "F1 Score": 0.6490765171503957, "Accuracy": 0.5596026490066225, "Confusion Matrix": [46, 75, 58, 123]}, "importances": {"pI": 0.16604027702523813, "Protein Weight": 0.10718033308428788, "% Aromatic": 0.09412215470721587, "% Negative": 0.11959592113374166, "% Positive": 0.12899805653706742, "% Hydrophilic": 0.10376332227744127, "% Cysteine": 0.07600450076458189, "Protein Abundance": 0.08318618198605769, "Particle Size_10": 0.014338312220585058, "Particle Size_100": 0.01462493217420114, "Particle Charge_0": 0.014404320220540789, "Particle Charge_1": 0.014410540522483754, "Solvent Cysteine Concentration_0.0": 0.011330377341988114, "Solvent Cysteine Concentration_0.1": 0.011709645442166954, "Solvent NaCl Concentration_0.0": 0.020975943939761016, "Solvent NaCl Concentration_0.8": 0.010121030944698859, "Solvent NaCl Concentration_3.0": 0.009194149677942678}}, "Run_5": {"scores": {"AUROC": 0.5312542806264554, "Recall": 0.7569060773480663, "Precision": 0.6342592592592593, "F1 Score": 0.6901763224181361, "Accuracy": 0.5927152317880795, "Confusion Matrix": [42, 79, 44, 137]}, "importances": {"pI": 0.16413538719711565, "Protein Weight": 0.10828695110050554, "% Aromatic": 0.0963515590244135, "% Negative": 0.1202837479432647, "% Positive": 0.13025706174005744, "% Hydrophilic": 0.10286223727526725, "% Cysteine": 0.07718647242007844, "Protein Abundance": 0.08052938981712762, "Particle Size_10": 0.014359214392790684, "Particle Size_100": 0.01432465951115243, "Particle Charge_0": 0.013210362387820175, "Particle Charge_1": 0.013113370807807456, "Solvent Cysteine Concentration_0.0": 0.011733956599834916, "Solvent Cysteine Concentration_0.1": 0.011609271747663978, "Solvent NaCl Concentration_0.0": 0.021405903252386876, "Solvent NaCl Concentration_0.8": 0.010235765745101023, "Solvent NaCl Concentration_3.0": 0.01011468903761229}}, "Run_6": {"scores": {"AUROC": 0.4762339619195471, "Recall": 0.6022099447513812, "Precision": 0.5860215053763441, "F1 Score": 0.5940054495912807, "Accuracy": 0.5066225165562914, "Confusion Matrix": [44, 77, 72, 109]}, "importances": {"pI": 0.16845781523259656, "Protein Weight": 0.10712669559246683, "% Aromatic": 0.09697879884068286, "% Negative": 0.11664770208318763, "% Positive": 0.13262827037467484, "% Hydrophilic": 0.10273093860074334, "% Cysteine": 0.0742240070178669, "Protein Abundance": 0.08076356044965392, "Particle Size_10": 0.014222729627452867, "Particle Size_100": 0.013729329450921009, "Particle Charge_0": 0.013799930987137578, "Particle Charge_1": 0.014091589035688084, "Solvent Cysteine Concentration_0.0": 0.011753927491290325, "Solvent Cysteine Concentration_0.1": 0.011982667792708413, "Solvent NaCl Concentration_0.0": 0.021072327382839744, "Solvent NaCl Concentration_0.8": 0.01028817029235016, "Solvent NaCl Concentration_3.0": 0.009501539747738937}}, "Run_7": {"scores": {"AUROC": 0.5387881831879823, "Recall": 0.6795580110497238, "Precision": 0.6243654822335025, "F1 Score": 0.6507936507936508, "Accuracy": 0.5629139072847682, "Confusion Matrix": [47, 74, 58, 123]}, "importances": {"pI": 0.164222569852618, "Protein Weight": 0.1058092804858037, "% Aromatic": 0.09435665966316335, "% Negative": 0.11993461210753133, "% Positive": 0.12983931328382683, "% Hydrophilic": 0.10352186739671537, "% Cysteine": 0.07658065392065018, "Protein Abundance": 0.0831228212774645, "Particle Size_10": 0.014543477998972473, "Particle Size_100": 0.015059622095784635, "Particle Charge_0": 0.014131732040960498, "Particle Charge_1": 0.014354367822291908, "Solvent Cysteine Concentration_0.0": 0.01160266514730617, "Solvent Cysteine Concentration_0.1": 0.011742495805909062, "Solvent NaCl Concentration_0.0": 0.021503069300662116, "Solvent NaCl Concentration_0.8": 0.01024466066614964, "Solvent NaCl Concentration_3.0": 0.009430131134190294}}, "Run_8": {"scores": {"AUROC": 0.5280580795397471, "Recall": 0.6298342541436464, "Precision": 0.6229508196721312, "F1 Score": 0.6263736263736264, "Accuracy": 0.5496688741721855,